{"_timestamp": 1706599429.8091822, "_runtime": 481.2333571910858, "_step": 8, "test/text_labels": 1.3648641109466553, "test/text_class_error": 51.135074615478516, "test/text_attributes": -4.571355819702148, "test/text_speed": 0.6425350904464722, "test/text_pos": -1.6207551956176758, "test/text_vel_heading": 0.023677142336964607, "test/text_bbox": -1.5366848707199097, "test/text_heading": -2.1682488918304443, "test/text_motion": 0.8812178373336792, "test/text_motion_pos": 0.4339762032032013, "test/text_motion_heading": 0.1524978131055832, "test/text_motion_vel": 0.29474377632141113, "test/full_loss": -3.2064905166625977, "test/metric-MMD-position": 0.06022103503346443, "test/metric-MMD-speed": 0.0699058473110199, "test/metric-MMD-size": 0.1219387874007225, "test/metric-MMD-heading": 0.12069036066532135, "test/metric-traj_match-scr": 0.07230417430400848, "test/metric-traj_match-ade-type0": 0.8258073925971985, "test/metric-traj_match-ade-type1": 1.5376187562942505, "test/metric-traj_match-ade-type2": 1.4958242177963257, "test/metric-traj_match-ade-type3": 1.6709181070327759, "test/metric-traj_match-ade-type4": 1.4499057531356812, "test/metric-traj_match-ade-type5": 1.4120070934295654, "test/metric-traj_match-fde-type0": 1.7345287799835205, "test/metric-traj_match-fde-type1": 3.287910223007202, "test/metric-traj_match-fde-type2": 3.3757777214050293, "test/metric-traj_match-fde-type3": 3.777510166168213, "test/metric-traj_match-fde-type4": 3.1116201877593994, "test/metric-traj_match-fde-type5": 2.994168519973755, "epoch": 0, "trainer/global_step": 0, "_wandb": {"runtime": 479}}