{"_timestamp": 1706592395.4204443, "_runtime": 1659.768606185913, "_step": 9, "test/text_labels": 2.1238839626312256, "test/text_class_error": 70.81105041503906, "test/text_attributes": -3.272120714187622, "test/text_speed": 1.1921024322509766, "test/text_pos": -0.9808017611503601, "test/text_vel_heading": 0.025616010650992393, "test/text_bbox": -1.6922053098678589, "test/text_heading": -1.9976897239685059, "test/text_motion": 1.8085808753967285, "test/text_motion_pos": 1.0688841342926025, "test/text_motion_heading": 0.2553795278072357, "test/text_motion_vel": 0.48431721329689026, "test/full_loss": -1.1482365131378174, "test/metric-MMD-position": 0.07740198820829391, "test/metric-MMD-speed": 0.0820477083325386, "test/metric-MMD-size": 0.12992265820503235, "test/metric-MMD-heading": 0.13031452894210815, "test/metric-traj_match-ade": 3.2524936199188232, "test/metric-traj_match-fde": 7.319469928741455, "test/metric-traj_match-scr": 0.11067906022071838, "epoch": 0, "trainer/global_step": 0, "_wandb": {"runtime": 1658}}