{"_timestamp": 1706594461.6494055, "_runtime": 490.6431953907013, "_step": 8, "test/text_labels": 1.3648641109466553, "test/text_class_error": 51.135074615478516, "test/text_attributes": -4.571355819702148, "test/text_speed": 0.6425350904464722, "test/text_pos": -1.6207551956176758, "test/text_vel_heading": 0.023677142336964607, "test/text_bbox": -1.5366848707199097, "test/text_heading": -2.1682488918304443, "test/text_motion": 0.8812178373336792, "test/text_motion_pos": 0.4339762032032013, "test/text_motion_heading": 0.1524978131055832, "test/text_motion_vel": 0.29474377632141113, "test/full_loss": -3.2064905166625977, "test/metric-MMD-position": 0.06022103503346443, "test/metric-MMD-speed": 0.0699058473110199, "test/metric-MMD-size": 0.1219387874007225, "test/metric-MMD-heading": 0.12069036066532135, "test/metric-traj_match-ade": 1.2627817392349243, "test/metric-traj_match-fde": 2.69640851020813, "test/metric-traj_match-scr": 0.07230417430400848, "epoch": 0, "trainer/global_step": 0, "_wandb": {"runtime": 489}}