{"_timestamp": 1706202217.9098365, "_runtime": 15.65652847290039, "_step": 0, "_wandb": {"runtime": 21}}