{"_timestamp": 1706600255.9184647, "_runtime": 648.9762835502625, "_step": 8, "test/text_labels": 1.3648641109466553, "test/text_class_error": 51.135074615478516, "test/text_attributes": -4.571355819702148, "test/text_speed": 0.6425350904464722, "test/text_pos": -1.6207551956176758, "test/text_vel_heading": 0.023677142336964607, "test/text_bbox": -1.5366848707199097, "test/text_heading": -2.1682488918304443, "test/text_motion": 0.8812178373336792, "test/text_motion_pos": 0.4339762032032013, "test/text_motion_heading": 0.1524978131055832, "test/text_motion_vel": 0.29474377632141113, "test/full_loss": -3.2064905166625977, "test/metric-MMD-position": 0.057844508439302444, "test/metric-MMD-speed": 0.06768391281366348, "test/metric-MMD-size": 0.11854797601699829, "test/metric-MMD-heading": 0.1178944855928421, "test/metric-traj_match-scr": 0.17366886138916016, "test/metric-traj_match-ade-type0": 0.7150238752365112, "test/metric-traj_match-ade-type1": 1.4868797063827515, "test/metric-traj_match-ade-type2": 1.4132325649261475, "test/metric-traj_match-ade-type3": 1.652327060699463, "test/metric-traj_match-ade-type4": 1.2651680707931519, "test/metric-traj_match-ade-type5": 1.274129867553711, "test/metric-traj_match-fde-type0": 1.5188277959823608, "test/metric-traj_match-fde-type1": 3.1936306953430176, "test/metric-traj_match-fde-type2": 3.202441930770874, "test/metric-traj_match-fde-type3": 3.7496838569641113, "test/metric-traj_match-fde-type4": 2.74259090423584, "test/metric-traj_match-fde-type5": 2.716749429702759, "epoch": 0, "trainer/global_step": 0, "_wandb": {"runtime": 647}}